bucket,orders,pct
0-5,13430,13.920560553920147
5-10,33052,34.25929764915627
10-15,23614,24.476553754301587
15-20,12154,12.597951822214851
20-25,6429,6.663833492267507
25-30,3244,3.3624942991002946
30-40,2796,2.8981301048965546
40-60,1451,1.5040009950661304
60+,306,0.3171773290766615
